Query_ID	Target_ID	Optimal_offset	p-value	E-value	q-value	Overlap	Query_consensus	Target_consensus	Orientation
Filter_6	MA0098.3	-2	7.0756e-08	0.000138399	0.000205608	10	TGCACTTCCGGTTTCGGAAAACGGGG	CACTTCCGGT	-
Filter_6	MA1483.2	-2	1.81237e-07	0.000354499	0.000205608	12	TGCACTTCCGGTTTCGGAAAACGGGG	TACTTCCGGGTT	-
Filter_6	MA0475.2	-2	1.96173e-07	0.000383714	0.000205608	10	TGCACTTCCGGTTTCGGAAAACGGGG	CACTTCCGGT	-
Filter_6	MA0760.1	-2	2.66449e-07	0.000521174	0.000205608	10	TGCACTTCCGGTTTCGGAAAACGGGG	CACTTCCGGT	-
Filter_6	MA0765.3	-2	2.66449e-07	0.000521174	0.000205608	10	TGCACTTCCGGTTTCGGAAAACGGGG	CACTTCCGGT	-
Filter_6	MA0762.1	-2	3.94751e-07	0.000772134	0.000224609	11	TGCACTTCCGGTTTCGGAAAACGGGG	TATTTCCGGTT	-
Filter_6	MA0028.2	-2	4.65716e-07	0.000910941	0.000224609	10	TGCACTTCCGGTTTCGGAAAACGGGG	CACTTCCGGT	-
Filter_6	MA0764.3	-2	4.65716e-07	0.000910941	0.000224609	10	TGCACTTCCGGTTTCGGAAAACGGGG	CACTTCCGGT	-
Filter_6	MA0598.3	0	6.66743e-07	0.00130415	0.00026651	15	TGCACTTCCGGTTTCGGAAAACGGGG	CTCACTTCCTGTTTC	+
Filter_6	MA0645.1	-2	7.59821e-07	0.00148621	0.00026651	10	TGCACTTCCGGTTTCGGAAAACGGGG	CACTTCCGCT	-
Filter_6	MA0763.1	-2	7.59821e-07	0.00148621	0.00026651	10	TGCACTTCCGGTTTCGGAAAACGGGG	CACTTCCGGT	-
Filter_6	MA0641.1	-2	1.04099e-06	0.00203617	0.000334703	12	TGCACTTCCGGTTTCGGAAAACGGGG	CACTTCCGGGTT	-
Filter_6	MA0759.2	-1	1.48449e-06	0.00290366	0.000425492	11	TGCACTTCCGGTTTCGGAAAACGGGG	CCACTTCCGGT	-
Filter_6	MA0156.3	-1	1.54392e-06	0.0030199	0.000425492	12	TGCACTTCCGGTTTCGGAAAACGGGG	TCACTTCCGGTT	-
Filter_6	MA0473.3	0	1.96446e-06	0.00384248	0.000481091	14	TGCACTTCCGGTTTCGGAAAACGGGG	CCCACTTCCTGTTT	-
Filter_6	MA1508.1	-3	1.99504e-06	0.0039023	0.000481091	12	TGCACTTCCGGTTTCGGAAAACGGGG	ACTTCCTGTTTC	-
Filter_6	MA1420.1	-3	4.1172e-06	0.00805325	0.000934433	14	TGCACTTCCGGTTTCGGAAAACGGGG	AGTTTCGGTTTCGG	-
Filter_26	MA1267.1	0	9.80744e-08	0.000191834	0.000225865	26	AAGAGGAAAAAAGGAAGGGAAAAAAA	AAAAAAAAAAAAGTAAAAAAAAAAAAAAA	-
Filter_26	MA1268.1	1	1.16655e-07	0.000228177	0.000225865	26	AAGAGGAAAAAAGGAAGGGAAAAAAA	AAAAAAAAAAAAAAGAAAAAGTGAAAA	-
Filter_26	MA1281.1	-6	3.87941e-07	0.000758812	0.000500749	20	AAGAGGAAAAAAGGAAGGGAAAAAAA	AAAAAAGTAAAAAAAAAAAAA	+
Filter_26	MA1278.1	1	4.03468e-06	0.00789184	0.00265542	20	AAGAGGAAAAAAGGAAGGGAAAAAAA	AAAAAGTAAAAAAAAAAAAAA	-
Filter_26	MA1273.1	-7	4.54318e-06	0.00888647	0.00265542	19	AAGAGGAAAAAAGGAAGGGAAAAAAA	AAAAAAAAAAGGCAAAAAA	+
Filter_26	MA1404.1	-2	4.73615e-06	0.0092639	0.00265542	24	AAGAGGAAAAAAGGAAGGGAAAAAAA	GAGAGAGAGAGAGAGAGAGAGAGA	+
Filter_26	MA1823.1	0	4.80016e-06	0.00938912	0.00265542	12	AAGAGGAAAAAAGGAAGGGAAAAAAA	AAAAAGAAAAAA	+
Filter_27	MA0139.1	-8	7.73794e-13	1.51354e-09	3.01819e-09	18	TGGGGCAATAGCGCCCCCTAGTGGTC	TAGCGCCCCCTGGTGGCCA	-
Filter_27	MA0531.1	-9	1.57038e-10	3.07167e-07	3.06264e-07	15	TGGGGCAATAGCGCCCCCTAGTGGTC	GGCGCCATCTAGCGG	-
Filter_27	MA1102.2	-10	1.00451e-07	0.000196481	0.000130603	12	TGGGGCAATAGCGCCCCCTAGTGGTC	GCGCCCCCTGCT	-
Filter_27	MA1929.1	-8	1.90527e-07	0.000372671	0.000185788	18	TGGGGCAATAGCGCCCCCTAGTGGTC	TAGCGCCCCCTGGTGGCCACAGCTGGAACTGCAG	-
Filter_27	MA1930.1	-8	2.43371e-07	0.000476033	0.000189854	18	TGGGGCAATAGCGCCCCCTAGTGGTC	TAGCGCCCCCTAGTGGCCAGAAGGGGGAACTGCAG	-
Filter_36	MA1930.1	4	1.41924e-09	2.77604e-06	5.55145e-06	26	AATTACCCAATTTGGCCACTAGGGGG	CTGCAGTTCCCCCTTCTGGCCACTAGGGGGCGCTA	+
Filter_36	MA0139.1	-12	7.39947e-08	0.000144734	0.000144717	14	AATTACCCAATTTGGCCACTAGGGGG	TGGCCACCAGGGGGCGCTA	+
Filter_36	MA1929.1	3	1.70741e-07	0.00033397	0.000222621	26	AATTACCCAATTTGGCCACTAGGGGG	CTGCAGTTCCAGCTGTGGCCACCAGGGGGCGCTA	+
Filter_47	MA1965.1	-15	2.64676e-06	0.00517705	0.0102918	10	ATTGAGCATAAGAAGGGGGGGGGGAA	GGGGGAGGGG	-
Filter_49	MA1455.1	2	1.80514e-08	3.53084e-05	6.05494e-05	15	GATACATTGTATCAATATGAGCCGCT	TTGATACATTGTAACAA	-
Filter_49	MA1603.1	0	5.09137e-08	9.95872e-05	6.63915e-05	13	GATACATTGTATCAATATGAGCCGCT	GATACTTTGTATC	-
Filter_49	MA1836.1	-1	5.29657e-07	0.00103601	0.000414404	11	GATACATTGTATCAATATGAGCCGCT	ATACATTGTAT	-
Filter_53	MA0103.3	-15	3.81644e-06	0.00746495	0.01474	11	ATGTTATCCAATGAGGGCCAGGGGGG	GCGCAGGTGGG	-
Filter_61	MA1871.1	-6	7.27806e-07	0.00142359	0.00123349	20	AAATAGAAAAAAAAACCCCCAAAAAA	AAAAAAAAAACAAAAAAAAA	+
Filter_61	MA1870.1	-6	7.974e-07	0.00155971	0.00123349	20	AAATAGAAAAAAAAACCCCCAAAAAA	AAAAAAATAAACAAACAAAA	+
Filter_61	MA1862.1	-6	9.55858e-07	0.00186966	0.00123349	20	AAATAGAAAAAAAAACCCCCAAAAAA	AAATAAATAAACAAAAAAAA	-
Filter_61	MA1869.1	-6	2.30351e-06	0.00450567	0.00222943	20	AAATAGAAAAAAAAACCCCCAAAAAA	AAAAAAATAAACAAAAAAAA	-
Filter_61	MA1273.1	-6	3.20081e-06	0.00626078	0.00247829	19	AAATAGAAAAAAAAACCCCCAAAAAA	AAAAAAAAAAGGCAAAAAA	+
Filter_66	MA1863.1	-7	2.3529e-08	4.60227e-05	8.96515e-05	19	TTCTTTTTGATTTATTGAGTTAATTG	TTTTTTTTTGTTTTTTTAGT	+
Filter_66	MA0679.2	-8	1.0135e-06	0.0019824	0.00165551	16	TTCTTTTTGATTTATTGAGTTAATTG	TATTTATTGATTTTTT	-
Filter_66	MA1871.1	-7	1.30347e-06	0.00254958	0.00165551	19	TTCTTTTTGATTTATTGAGTTAATTG	TTTTTTTTTGTTTTTTTTTT	-
Filter_66	MA1870.1	-4	1.77817e-06	0.0034781	0.00166131	20	TTCTTTTTGATTTATTGAGTTAATTG	TTTTGTTTGTTTATTTTTTT	-
Filter_66	MA1864.1	-4	2.18005e-06	0.00426418	0.00166131	20	TTCTTTTTGATTTATTGAGTTAATTG	TTTTGTTTATTTATTTATAT	-
Filter_66	MA1866.1	-7	3.25215e-06	0.0063612	0.00206525	19	TTCTTTTTGATTTATTGAGTTAATTG	TTTTTGTTTGTTTTTTTTTT	-
Filter_66	MA1699.1	-9	4.07252e-06	0.00796586	0.0020775	16	TTCTTTTTGATTTATTGAGTTAATTG	AATTATCGATTTTTTT	-
Filter_66	MA1862.1	-4	4.36191e-06	0.00853189	0.0020775	20	TTCTTTTTGATTTATTGAGTTAATTG	TTTTTTTTGTTTATTTATTT	+
Filter_92	MA1402.1	-1	8.65619e-07	0.00169315	0.0033863	21	CCACTCACACTCTCTCTTTCCCCACC	CTCTCTCTCTCTCTCTCTCTC	+
Filter_92	MA1404.1	0	3.33794e-06	0.00652902	0.00446208	24	CCACTCACACTCTCTCTTTCCCCACC	TCTCTCTCTCTCTCTCTCTCTCTC	-
Filter_92	MA1403.1	1	3.42184e-06	0.00669312	0.00446208	26	CCACTCACACTCTCTCTTTCCCCACC	CTCTCTCTCTCTCTCTCTCTCTCTCTCTCT	-
Filter_107	MA1961.1	-4	3.64593e-07	0.000713144	0.00131913	12	GGGGGCCGGGCGGGGGTGTGCAGTGC	GGGGGGCGGGGG	+
Filter_107	MA1513.1	-5	7.02009e-07	0.00137313	0.00131913	11	GGGGGCCGGGCGGGGGTGTGCAGTGC	GGGGGCGGGGC	-
Filter_107	MA1890.1	1	1.18133e-06	0.00231067	0.00147987	21	GGGGGCCGGGCGGGGGTGTGCAGTGC	GGGGGGGGGGGCGTGGGGGGGG	-
Filter_107	MA1893.1	0	2.22061e-06	0.00434351	0.00208635	20	GGGGGCCGGGCGGGGGTGTGCAGTGC	GGGGGGTGGGCGTGGCGGGG	-
Filter_107	MA0162.4	-7	4.31734e-06	0.00844473	0.00324506	14	GGGGGCCGGGCGGGGGTGTGCAGTGC	GGGCGTGGGCGTGG	-
Filter_117	MA1930.1	4	5.85717e-11	1.14566e-07	2.2893e-07	26	GCCCCCTAGTGGTCAAAAGTGGTAAT	TAGCGCCCCCTAGTGGCCAGAAGGGGGAACTGCAG	-
Filter_117	MA1929.1	4	2.63511e-09	5.15428e-06	5.14973e-06	26	GCCCCCTAGTGGTCAAAAGTGGTAAT	TAGCGCCCCCTGGTGGCCACAGCTGGAACTGCAG	-
Filter_117	MA0139.1	4	4.10859e-09	8.03639e-06	5.35286e-06	15	GCCCCCTAGTGGTCAAAAGTGGTAAT	TAGCGCCCCCTGGTGGCCA	-
Filter_130	MA0531.1	1	3.29841e-09	6.45168e-06	1.28688e-05	14	CACTAGGGGGCGCTATTGCCCCAAAT	CCGCTAGATGGCGCC	+
Filter_130	MA0139.1	4	3.11396e-08	6.09091e-05	6.07457e-05	15	CACTAGGGGGCGCTATTGCCCCAAAT	TGGCCACCAGGGGGCGCTA	+
Filter_130	MA1102.2	-1	1.35183e-07	0.000264418	0.000175806	12	CACTAGGGGGCGCTATTGCCCCAAAT	AGCAGGGGGCGC	+
Filter_131	MA0473.3	-4	2.92553e-08	5.72233e-05	9.75342e-05	14	AAAAAAACAGGAAGTCGCGTTCTTTC	AAACAGGAAGTGGG	+
Filter_131	MA0598.3	-3	8.74797e-08	0.00017111	9.75342e-05	15	AAAAAAACAGGAAGTCGCGTTCTTTC	GAAACAGGAAGTGAG	-
Filter_131	MA0474.3	-4	9.37651e-08	0.000183405	9.75342e-05	14	AAAAAAACAGGAAGTCGCGTTCTTTC	AAACAGGAAGTGGG	+
Filter_131	MA1902.1	-3	1.00384e-07	0.000196352	9.75342e-05	22	AAAAAAACAGGAAGTCGCGTTCTTTC	AAAAGGGGGATTCCCCCTTTTT	-
Filter_131	MA1992.1	-4	2.67165e-07	0.000522574	0.000207664	15	AAAAAAACAGGAAGTCGCGTTCTTTC	AGACAGGAAGTGGGG	+
Filter_131	MA0062.3	-4	1.54367e-06	0.00301942	0.000857052	14	AAAAAAACAGGAAGTCGCGTTCTTTC	AAACAGGAAGTGGG	-
Filter_132	MA1455.1	-8	1.87668e-12	3.67078e-09	7.34157e-09	17	GCCGAGTATTGTTACAATGTAACAAC	TTGTTACAATGTATCAA	+
Filter_132	MA1603.1	-10	3.21888e-07	0.000629612	0.000419742	13	GCCGAGTATTGTTACAATGTAACAAC	GATACAAAGTATC	+
Filter_132	MA1836.1	-11	1.57e-06	0.00307091	0.00153546	11	GCCGAGTATTGTTACAATGTAACAAC	ATACAATGTAT	+
Filter_150	MA1925.1	-1	1.7644e-07	0.000345117	0.000608016	20	TTAAATAATATATTTATTATTTTATT	AATTTAATTAATTAATTTTT	+
Filter_150	MA1896.1	-3	5.83649e-07	0.00114162	0.000608016	20	TTAAATAATATATTTATTATTTTATT	AAAAATTAATTAATTAATTT	-
Filter_150	MA1883.1	1	6.48022e-07	0.00126753	0.000608016	19	TTAAATAATATATTTATTATTTTATT	AAAAATTAATTAATTAAAAA	-
Filter_150	MA1910.1	-3	1.32421e-06	0.00259016	0.000608176	20	TTAAATAATATATTTATTATTTTATT	ATAAATTAATTAATTAAATT	-
Filter_150	MA1907.1	-3	1.61534e-06	0.0031596	0.000608176	20	TTAAATAATATATTTATTATTTTATT	TTAATTTAATTAATTTAATT	-
Filter_150	MA1900.1	-1	1.78253e-06	0.00348662	0.000608176	20	TTAAATAATATATTTATTATTTTATT	TTAATAATTAATTAATTATT	+
Filter_150	MA1924.1	-1	1.78253e-06	0.00348662	0.000608176	20	TTAAATAATATATTTATTATTTTATT	TTTTTATTTAATTAATTTTA	-
Filter_150	MA1895.1	1	1.78253e-06	0.00348662	0.000608176	19	TTAAATAATATATTTATTATTTTATT	TTAAATTAATTAATTAAAAA	-
Filter_150	MA1884.1	-3	3.84148e-06	0.00751393	0.00102981	20	TTAAATAATATATTTATTATTTTATT	TTAATTATCATTATTATTAT	-
Filter_155	MA1381.1	-7	3.33391e-06	0.00652112	0.0129905	15	CTTCATTTCAATTTCCATCTCTAAAA	TCATTTTCACTCTCC	+
Filter_157	MA0138.2	-2	2.83551e-07	0.000554625	0.00110925	21	CCATCCGGACCATGGACTGCACCTAC	TTCAGCACCATGGACAGCGCC	+
Filter_160	MA0710.1	-13	8.21048e-08	0.000160597	0.000202607	10	CAGGCGTGACGCGGCTAATTAGCGTG	GCTAATTAGC	+
Filter_160	MA1577.1	-14	1.68526e-07	0.000329637	0.000207079	8	CAGGCGTGACGCGGCTAATTAGCGTG	CTAATTAG	-
Filter_160	MA0717.1	-14	2.53901e-07	0.00049663	0.000224012	8	CAGGCGTGACGCGGCTAATTAGCGTG	TTAATTGG	-
Filter_160	MA0630.1	-14	3.77085e-07	0.000737578	0.000224012	8	CAGGCGTGACGCGGCTAATTAGCGTG	TTAATTGG	+
Filter_160	MA0720.1	-14	3.77085e-07	0.000737578	0.000224012	8	CAGGCGTGACGCGGCTAATTAGCGTG	TTAATTAG	-
Filter_160	MA0886.1	-13	4.25383e-07	0.000832049	0.000224012	10	CAGGCGTGACGCGGCTAATTAGCGTG	GCTAATTAGC	-
Filter_160	MA0705.1	-14	5.5242e-07	0.00108053	0.00022568	8	CAGGCGTGACGCGGCTAATTAGCGTG	CTAATTAG	+
Filter_160	MA0721.1	-14	5.5242e-07	0.00108053	0.00022568	8	CAGGCGTGACGCGGCTAATTAGCGTG	TTAATTAG	-
Filter_160	MA0699.1	-13	6.97209e-07	0.00136374	0.00022568	10	CAGGCGTGACGCGGCTAATTAGCGTG	GCTAATTGGC	-
Filter_160	MA0198.1	-14	7.82978e-07	0.00153151	0.00022568	7	CAGGCGTGACGCGGCTAATTAGCGTG	CTAATTA	+
Filter_160	MA0220.1	-14	7.82978e-07	0.00153151	0.00022568	7	CAGGCGTGACGCGGCTAATTAGCGTG	TTAATTA	+
Filter_160	MA0644.2	-14	7.95876e-07	0.00155673	0.00022568	8	CAGGCGTGACGCGGCTAATTAGCGTG	CTAATTAG	-
Filter_160	MA0654.1	-14	1.12223e-06	0.00219508	0.000258555	8	CAGGCGTGACGCGGCTAATTAGCGTG	TTAATTAG	-
Filter_160	MA0202.1	-14	1.2697e-06	0.00248353	0.000275322	7	CAGGCGTGACGCGGCTAATTAGCGTG	CTAATTA	+
Filter_160	MA0923.1	-14	2.05921e-06	0.00402782	0.000343565	9	CAGGCGTGACGCGGCTAATTAGCGTG	TTAATTAGC	-
Filter_160	MA0704.1	-14	2.09832e-06	0.00410431	0.000343565	8	CAGGCGTGACGCGGCTAATTAGCGTG	TTAATTAA	-
Filter_160	MA0716.1	-14	2.09832e-06	0.00410431	0.000343565	8	CAGGCGTGACGCGGCTAATTAGCGTG	TTAATTAG	-
Filter_160	MA0889.1	-13	2.14362e-06	0.00419291	0.000343565	10	CAGGCGTGACGCGGCTAATTAGCGTG	GCTAATTAGT	-
Filter_160	MA0701.2	-14	2.8018e-06	0.00548032	0.000425547	8	CAGGCGTGACGCGGCTAATTAGCGTG	TTAATTAG	-
Filter_160	MA0184.1	-14	3.00145e-06	0.00587084	0.000425547	7	CAGGCGTGACGCGGCTAATTAGCGTG	CTAATTA	+
Filter_160	MA0251.1	-14	3.00145e-06	0.00587084	0.000425547	7	CAGGCGTGACGCGGCTAATTAGCGTG	TTAATTA	+
Filter_160	MA0658.1	-13	3.22643e-06	0.00631089	0.000440502	10	CAGGCGTGACGCGGCTAATTAGCGTG	GCTAATTAGT	-
Filter_160	MA0179.1	-14	4.45858e-06	0.00872099	0.000481937	7	CAGGCGTGACGCGGCTAATTAGCGTG	TTAATTA	+
Filter_160	MA0181.1	-14	4.45858e-06	0.00872099	0.000481937	7	CAGGCGTGACGCGGCTAATTAGCGTG	TTAATTA	+
Filter_160	MA0195.1	-14	4.45858e-06	0.00872099	0.000481937	7	CAGGCGTGACGCGGCTAATTAGCGTG	TTAATTA	+
Filter_160	MA0241.1	-14	4.45858e-06	0.00872099	0.000481937	7	CAGGCGTGACGCGGCTAATTAGCGTG	CTAATTA	+
Filter_161	MA1528.1	-9	1.32316e-09	2.58811e-06	1.94333e-06	17	CCTGGGGATCTTGGCACGGTGCCAAG	CCTGGCACCGTGCCAAC	-
Filter_161	MA1527.1	-9	1.98704e-09	3.88665e-06	1.94333e-06	17	CCTGGGGATCTTGGCACGGTGCCAAG	GTTGGCACGGTGCCAAC	+
Filter_161	MA0119.1	-11	3.3093e-08	6.47299e-05	2.5892e-05	14	CCTGGGGATCTTGGCACGGTGCCAAG	TGGCACCATGCCAA	+
Filter_161	MA1643.1	-7	3.44135e-06	0.00673127	0.00192322	19	CCTGGGGATCTTGGCACGGTGCCAAG	TACTTGGCACAATGCCAGGCA	-
Filter_174	MA1819.1	-2	1.89109e-06	0.00369897	0.00717843	12	CGCGCGGCGACGCCGCGCGCGCGCGG	GGCGGCGGCGGC	-
Filter_175	MA1773.1	-3	3.02591e-06	0.00591869	0.0117691	21	AAAAAATTGATGGGAATAAGGATGTA	AGGTAGGTGAAAATTTTGAAA	-
Filter_178	MA1267.1	3	4.71274e-08	9.21811e-05	0.000178894	26	ATAAAAAATGCAATTAAGATTGAAAT	AAAAAAAAAAAAGTAAAAAAAAAAAAAAA	-
Filter_178	MA1268.1	1	6.28285e-07	0.00122892	0.00119247	26	ATAAAAAATGCAATTAAGATTGAAAT	AAAAAAAAAAAAAAGAAAAAGTGAAAA	-
Filter_185	MA1819.1	-10	2.78378e-06	0.00544508	0.0105267	12	ACGCGGTAACGCCACCGCCGCGTACT	GCCGCCGCCGCC	+
Filter_214	MA0139.1	-7	3.38164e-10	6.61449e-07	1.32003e-06	19	GGGCCAATAGCGCCCACTAGTGGGCG	TAGCGCCCCCTGGTGGCCA	-
Filter_214	MA1929.1	5	5.83606e-07	0.00114153	0.00113906	26	GGGCCAATAGCGCCCACTAGTGGGCG	CTGCAGTTCCAGCTGTGGCCACCAGGGGGCGCTA	+
Filter_214	MA1930.1	-7	9.18429e-07	0.00179645	0.00118528	19	GGGCCAATAGCGCCCACTAGTGGGCG	TAGCGCCCCCTAGTGGCCAGAAGGGGGAACTGCAG	-
Filter_221	MA1865.1	0	3.10511e-10	6.07359e-07	1.20335e-06	20	CACACAACAAAAAACACAAACCAAAC	AAAAAAACAAACAAACAAAA	-
Filter_221	MA1863.1	-6	3.95144e-09	7.72901e-06	7.65665e-06	20	CACACAACAAAAAACACAAACCAAAC	ACTAAAAAAACAAAAAAAAA	-
Filter_221	MA1866.1	-6	2.43301e-08	4.75897e-05	3.14295e-05	20	CACACAACAAAAAACACAAACCAAAC	AAAAAAAAAACAAACAAAAA	+
Filter_221	MA1871.1	-6	5.2923e-08	0.000103517	5.12741e-05	20	CACACAACAAAAAACACAAACCAAAC	AAAAAAAAAACAAAAAAAAA	+
Filter_221	MA0073.1	1	6.96905e-07	0.00136315	0.000540154	19	CACACAACAAAAAACACAAACCAAAC	CCCCAAACCACCCCCCCCCC	+
Filter_227	MA1890.1	-1	1.40452e-08	2.74724e-05	5.39392e-05	22	GGCCCCCCCCCCCCCCCCCCCCATCG	CCCCCCCCACGCCCCCCCCCCC	+
Filter_227	MA1892.1	-3	6.14067e-07	0.00120112	0.000858267	20	GGCCCCCCCCCCCCCCCCCCCCATCG	CCCCGCCACGCCCACCCCCC	+
Filter_227	MA1653.1	-4	7.61854e-07	0.00149019	0.000858267	12	GGCCCCCCCCCCCCCCCCCCCCATCG	CCCCCCTCCCCC	+
Filter_227	MA1893.1	-2	8.93934e-07	0.00174854	0.000858267	20	GGCCCCCCCCCCCCCCCCCCCCATCG	CCCCGCCACGCCCACCCCCC	+
Filter_227	MA0753.2	-3	2.41188e-06	0.00471763	0.00185252	13	GGCCCCCCCCCCCCCCCCCCCCATCG	CCGCCCCCCCCAC	+
Filter_227	MA0073.1	-3	3.06598e-06	0.00599705	0.00196243	20	GGCCCCCCCCCCCCCCCCCCCCATCG	CCCCAAACCACCCCCCCCCC	+
Filter_231	MA1907.1	-1	3.01336e-07	0.000589412	0.0011015	20	ATTAATTATATCCAATTTATTTATAT	TTAATTTAATTAATTTAATT	-
Filter_231	MA1883.1	-4	1.35532e-06	0.00265101	0.00162234	20	ATTAATTATATCCAATTTATTTATAT	TTTTTAATTAATTAATTTTT	+
Filter_231	MA1924.1	-4	1.62318e-06	0.00317494	0.00162234	20	ATTAATTATATCCAATTTATTTATAT	TTTTTATTTAATTAATTTTA	-
Filter_231	MA1889.1	-1	1.77528e-06	0.00347245	0.00162234	20	ATTAATTATATCCAATTTATTTATAT	TTAATTTAATTAATTTAATT	-
Filter_231	MA1925.1	-4	3.58387e-06	0.00701005	0.00259259	20	ATTAATTATATCCAATTTATTTATAT	AATTTAATTAATTAATTTTT	+
Filter_233	MA1973.1	0	4.61381e-07	0.000902462	0.00180472	20	GGCCGGGCCAGCCTGGGCCTGGCCCA	GCGTGGGCTAGCCTGGGCCC	-
Filter_254	MA1883.1	-1	2.16739e-06	0.00423941	0.00662644	20	AATTATTAAAATTATTAACATAGTAA	AAAAATTAATTAATTAAAAA	-
Filter_254	MA1924.1	-1	3.83734e-06	0.00750584	0.00662644	20	AATTATTAAAATTATTAACATAGTAA	TAAATTTAATTAAATAAAAA	+
Filter_266	MA1700.1	-5	8.21521e-07	0.00160689	0.00305108	14	GCTCCTCTCTCTCTCGCTGGCTGCGC	TCTCTCGCTCGCTC	-
Filter_266	MA1416.1	-5	1.56043e-06	0.00305221	0.00305108	14	GCTCCTCTCTCTCTCGCTGGCTGCGC	TCTCTCTCTCTCTC	-
Filter_293	MA1262.1	-1	7.72833e-07	0.00151166	0.00297424	21	GCCGACGTCGAAGACGCCGTCGCGAC	CCGCCGCCTCCGCCGCCGCCA	+
Filter_306	MA1403.1	3	2.29745e-06	0.00449381	0.00898762	26	GCACTCTCACTCACTCGCACTCACTC	CTCTCTCTCTCTCTCTCTCTCTCTCTCTCT	-
Filter_309	MA0531.1	0	7.14185e-11	1.39695e-07	2.78783e-07	15	CCACTAGGGGGCGCCATAGCCCCACA	CCGCTAGATGGCGCC	+
Filter_309	MA0139.1	3	2.39787e-10	4.69023e-07	4.68006e-07	16	CCACTAGGGGGCGCCATAGCCCCACA	TGGCCACCAGGGGGCGCTA	+
Filter_309	MA1102.2	-2	1.0844e-07	0.000212108	0.000141099	12	CCACTAGGGGGCGCCATAGCCCCACA	AGCAGGGGGCGC	+
Filter_309	MA1929.1	18	2.22122e-06	0.0043447	0.00204252	16	CCACTAGGGGGCGCCATAGCCCCACA	CTGCAGTTCCAGCTGTGGCCACCAGGGGGCGCTA	+
Filter_309	MA1930.1	19	2.61625e-06	0.00511739	0.00204252	16	CCACTAGGGGGCGCCATAGCCCCACA	CTGCAGTTCCCCCTTCTGGCCACTAGGGGGCGCTA	+

# Tomtom (Motif Comparison Tool): Version 5.5.7 compiled on Aug 29 2024 at 17:50:26
# The format of this file is described at https://meme-suite.org/meme/doc/tomtom-output-format.html.
# tomtom -no-ssc -oc . -verbosity 1 -min-overlap 5 -dist pearson -evalue -thresh 0.01 salmon_motif.meme db/JASPAR/JASPAR2022_CORE_non-redundant_v2.meme
